<manifest alg="2" build="10" opt="false" iceEnabled="true" iceMarkupVersion="2" exportTarget="other" resolutions="1x" timestamp="1428068254576">
  <folder name="css">
    <file name="site_global.css" crc="4215994016"/>
    <file name="index.css" crc="4135647487" ref="index"/>
  </folder>
  <folder name="scripts">
    <file name="jquery-1.8.3.min.js" crc="4164521501" ref="index"/>
    <file name="museutils.js" crc="3777594392" ref="index"/>
    <file name="jquery.musepolyfill.bgsize.js" crc="4259541792" ref="index"/>
    <file name="jquery.scrolleffects.js" crc="117544926" ref="index"/>
    <file name="pie.js" crc="3827607177" ref="index"/>
    <file name="webpro.js" crc="474087315" ref="index"/>
    <file name="musewpslideshow.js" crc="274584885" ref="index"/>
    <file name="jquery.museoverlay.js" crc="170414611" ref="index"/>
    <file name="touchswipe.js" crc="100683906" ref="index"/>
    <file name="jquery.watch.js" crc="4144919381" ref="index"/>
  </folder>
  <folder name="images">
    <file name="puissance--15-favicon.ico" crc="3859246369" ref="index"/>
    <file name="background.jpg" crc="504834348" ref="index"/>
    <file name="logopng-u272-fr.png" crc="447061955" ref="index"/>
    <file name="united-u394-fr.png" crc="75367531" ref="index"/>
    <file name="crowd-u312-fr.png" crc="3837718339" ref="index"/>
    <file name="ecstacy-u314-fr.png" crc="4115051806" ref="index"/>
    <file name="10000-u313-fr.png" crc="103596175" ref="index"/>
    <file name="music-u315-fr.png" crc="4095493176" ref="index"/>
    <file name="the most awa-u374-fr.png" crc="4244097628" ref="index"/>
    <file name="triggering-u318-fr.png" crc="4272698791" ref="index"/>
    <file name="rewards-u316-fr.png" crc="177383774" ref="index"/>
    <file name="events-u319-fr.png" crc="3858797298" ref="index"/>
    <file name="worth-u317-fr.png" crc="4149391434" ref="index"/>
    <file name="vol-u382-fr.png" crc="3859285877" ref="index"/>
    <file name="dates-u832-fr.png" crc="4192849991" ref="index"/>
    <file name="developer-u841.png" crc="4265232415" ref="index"/>
    <file name="developer-u841-r.png" crc="206618452" ref="index"/>
    <file name="prelogue-u564-fr.png" crc="3817754327" ref="index"/>
    <file name="smiyc text-u660-fr.png" crc="95410055" ref="index"/>
    <file name="lan gaming text-u668-fr.png" crc="521796045" ref="index"/>
    <file name="ctr text-u670-fr.png" crc="415748406" ref="index"/>
    <file name="nukkad natak text-u673-fr.png" crc="4011666506" ref="index"/>
    <file name="action jaction text-u676-fr.png" crc="4156862830" ref="index"/>
    <file name="fulki text-u678-fr.png" crc="406613747" ref="index"/>
    <file name="junoon text-u680-fr.png" crc="3821189471" ref="index"/>
    <file name="b wars text-u684-fr.png" crc="513149267" ref="index"/>
    <file name="events-u582-fr.png" crc="44795996" ref="index"/>
    <file name="showmeifucan-u134-fr.png" crc="174396999" ref="index"/>
    <file name="lan-gaming-u136-fr.png" crc="4167677489" ref="index"/>
    <file name="chase the-u140-fr.png" crc="85369765" ref="index"/>
    <file name="nukkad natak-u139-fr.png" crc="3895261494" ref="index"/>
    <file name="action jackson-u153-fr.png" crc="4036512221" ref="index"/>
    <file name="fulki-u148-fr.png" crc="3963097744" ref="index"/>
    <file name="junoon-u149-fr.png" crc="3776972965" ref="index"/>
    <file name="bwars-u151-fr.png" crc="398458909" ref="index"/>
    <file name="teachers-antakshari-ieu150-fr.png" crc="30673551" ref="index"/>
    <file name="teachers-antakshari.png" crc="532247841" ref="index"/>
    <file name="band-u589-fr.png" crc="3803580841" ref="index"/>
    <file name="night-u590-fr.png" crc="4023339193" ref="index"/>
    <file name="aditi singh sharma-u478-fr.png" crc="4209490317" ref="index"/>
    <file name="aditi singh sharma text-u688-fr.jpg" crc="3973803725" ref="index"/>
    <file name="astitva text-u697-fr.jpg" crc="3823298604" ref="index"/>
    <file name="prince dance group text-u699-fr.jpg" crc="223390888" ref="index"/>
    <file name="astitva the band-u477-fr.png" crc="3964272681" ref="index"/>
    <file name="prince dance grp-u479-fr.png" crc="293519782" ref="index"/>
    <file name="contacts-u613-fr.png" crc="4286711593" ref="index"/>
    <file name="developer.png" crc="3817219100" ref="index"/>
    <file name="home-u1026.png" crc="4095564894" ref="index"/>
    <file name="home-u1026-r.png" crc="4185657114" ref="index"/>
    <file name="home-u1026-a.png" crc="117208635" ref="index"/>
    <file name="prologue-u1029.png" crc="4119906250" ref="index"/>
    <file name="prologue-u1029-r.png" crc="4116530949" ref="index"/>
    <file name="prologue-u1029-a.png" crc="399919652" ref="index"/>
    <file name="events-u1025.png" crc="251268270" ref="index"/>
    <file name="events-u1025-r.png" crc="507528045" ref="index"/>
    <file name="events-u1025-a.png" crc="4038514401" ref="index"/>
    <file name="band night-u1028.png" crc="4209487885" ref="index"/>
    <file name="band night-u1028-r.png" crc="192438300" ref="index"/>
    <file name="band night-u1028-a.png" crc="419033601" ref="index"/>
    <file name="contacts-u1027.png" crc="4015583654" ref="index"/>
    <file name="contacts-u1027-r.png" crc="92201202" ref="index"/>
    <file name="contacts-u1027-a.png" crc="151064189" ref="index"/>
  </folder>
  <file name="index.html" crc="75874495" mt="1428068149240" redirect="true"/>
</manifest>